DATE,AQI Value
2025-01-02,114.0
2025-01-03,79.0
2025-01-04,85.0
2025-01-05,102.0
2025-01-06,106.0
2025-01-07,110.0
2025-01-08,117.0
2025-01-09,131.0
2025-01-10,206.0
2025-01-11,123.0
2025-01-12,89.0
2025-01-13,102.0
2025-01-14,82.0
2025-01-15,82.0
2025-01-16,82.0
2025-01-17,116.0
2025-01-18,171.0
2025-01-19,208.0
2025-01-20,145.0
2025-01-21,97.0
2025-01-22,82.0
2025-01-23,100.0
2025-01-24,82.5
2025-01-25,65.0
2025-01-26,77.5
2025-01-27,90.0
2025-01-28,93.0
2025-01-29,102.5
2025-01-30,112.0
2025-01-31,94.0
2025-02-01,78.0
2025-02-02,69.0
2025-02-03,61.0
2025-02-04,68.0
2025-02-05,64.0
2025-02-06,88.0
2025-02-07,90.0
2025-02-08,92.0
2025-02-09,92.0
2025-02-10,92.0
2025-02-11,120.0
2025-02-12,103.0
2025-02-13,107.0
2025-02-14,98.0
2025-02-15,94.0
2025-02-16,81.0
2025-02-17,105.0
2025-02-18,101.0
2025-02-19,97.0
2025-02-20,113.0
2025-02-21,102.0
2025-02-22,83.0
2025-02-23,92.0
2025-02-24,78.0
2025-02-25,70.0
2025-02-26,80.0
2025-02-27,87.0
2025-02-28,97.5
2025-03-01,108.0
2025-03-02,66.0
2025-03-03,66.0
2025-03-04,78.0
2025-03-05,100.0
2025-03-06,102.0
2025-03-07,78.0
2025-03-08,100.0
2025-03-09,108.0
2025-03-10,84.0
2025-03-11,92.0
2025-03-12,81.0
2025-03-13,102.0
2025-03-14,99.0
2025-03-15,98.0
2025-03-16,91.0
2025-03-17,77.0
2025-03-18,97.0
2025-03-19,80.0
2025-03-20,59.0
2025-03-21,63.0
2025-03-22,80.0
2025-03-23,69.0
2025-03-24,56.0
2025-03-25,72.0
2025-03-26,84.0
2025-03-27,90.0
2025-03-28,103.0
2025-03-29,109.0
2025-03-30,114.0
2025-03-31,103.0
2025-04-01,98.0
2025-04-02,64.0
2025-04-03,71.0
2025-04-04,51.0
2025-04-05,51.0
2025-04-06,54.0
2025-04-07,77.0
2025-04-08,78.0
2025-04-09,53.0
2025-04-10,62.0
2025-04-11,66.5
2025-04-12,71.0
2025-04-13,75.0
2025-04-14,89.0
2025-04-15,81.5
2025-04-16,74.0
2025-04-17,68.0
2025-04-18,74.0
2025-04-19,66.0
2025-04-20,80.0
2025-04-21,70.0
2025-04-22,77.0
2025-04-23,103.0
2025-04-24,91.0
2025-04-25,106.0
2025-04-26,53.0
2025-04-27,67.0
2025-04-28,70.0
2025-04-29,73.0
2025-04-30,107.0
2025-05-01,72.0
2025-05-02,66.0
2025-05-03,63.0
2025-05-04,91.0
2025-05-05,73.0
2025-05-06,80.0
2025-05-07,73.0
2025-05-08,84.0
2025-05-09,56.0
2025-05-10,60.0
2025-05-11,62.0
2025-05-12,42.0
2025-05-13,38.0
2025-05-14,34.0
2025-05-15,35.5
2025-05-16,37.0
2025-05-17,47.0
2025-05-18,47.0
2025-05-19,47.0
2025-05-20,32.0
2025-05-21,43.0
2025-05-22,37.0
2025-05-23,32.0
2025-05-24,33.0
2025-05-25,34.0
2025-05-26,35.0
2025-05-27,36.0
2025-05-28,35.0
2025-05-29,35.0
2025-05-30,46.0
2025-05-31,73.0
2025-06-01,55.0
2025-06-02,37.0
2025-06-03,37.0
2025-06-04,56.0
2025-06-05,48.0
2025-06-06,49.0
2025-06-07,49.0
2025-06-08,40.0
2025-06-09,34.0
2025-06-10,41.0
2025-06-11,56.0
2025-06-12,43.0
2025-06-13,39.0
2025-06-14,35.0
2025-06-15,35.0
2025-06-16,36.5
2025-06-17,38.0
2025-06-18,34.0
2025-06-19,34.0
2025-06-20,33.0
2025-06-21,37.0
2025-06-22,35.0
2025-06-23,34.0
2025-06-24,33.0
2025-06-25,37.0
2025-06-26,35.0
2025-06-27,46.0
2025-06-28,62.0
2025-06-29,62.0
2025-06-30,62.0
2025-07-01,71.0
2025-07-02,72.0
2025-07-03,72.0
2025-07-04,42.0
2025-07-05,40.0
2025-07-06,39.0
2025-07-07,44.0
2025-07-08,39.0
2025-07-09,40.0
2025-07-10,42.0
2025-07-11,43.0
2025-07-12,41.0
2025-07-13,39.0
2025-07-14,40.0
2025-07-15,42.0
2025-07-16,41.0
2025-07-17,38.0
2025-07-18,39.0
2025-07-19,41.0
2025-07-20,38.0
2025-07-21,38.0
2025-07-22,37.0
2025-07-23,37.0
2025-07-24,37.0
2025-07-25,37.5
2025-07-26,38.0
2025-07-27,37.0
2025-07-28,38.0
2025-07-29,37.0
2025-07-30,38.0
2025-07-31,42.0
2025-08-01,47.0
2025-08-02,39.0
2025-08-03,43.0
2025-08-04,94.0
2025-08-05,39.0
2025-08-06,38.0
2025-08-07,40.0
2025-08-08,35.0
2025-08-09,41.0
2025-08-10,36.0
2025-08-11,32.0
2025-08-12,32.0
2025-08-13,34.0
2025-08-14,34.0
2025-08-15,34.0
2025-08-16,32.0
2025-08-17,34.0
2025-08-18,33.0
2025-08-19,32.0
2025-08-20,34.0
2025-08-21,36.0
2025-08-22,35.5
2025-08-23,35.0
2025-08-24,36.0
2025-08-25,35.0
2025-08-26,38.0
2025-08-27,34.0
2025-08-28,33.0
2025-08-29,32.0
2025-08-30,31.0
2025-08-31,31.0
2025-09-01,31.5
2025-09-02,32.0
2025-09-03,32.0
2025-09-04,33.0
2025-09-05,35.0
2025-09-06,45.0
2025-09-07,45.0
2025-09-08,45.0
2025-09-09,37.0
2025-09-10,37.0
2025-09-11,47.0
2025-09-12,41.0
2025-09-13,39.0
2025-09-14,41.0
2025-09-15,41.0
2025-09-16,41.0
2025-09-17,37.0
2025-09-18,34.0
2025-09-19,33.0
2025-09-20,36.0
2025-09-21,35.0
2025-09-22,33.0
2025-09-23,34.0
2025-09-24,35.0
2025-09-25,37.0
2025-09-26,35.0
2025-09-27,32.0
2025-09-28,46.5
2025-09-29,61.0
2025-09-30,33.0
2025-10-01,35.0
2025-10-02,31.0
2025-10-03,31.0
2025-10-04,33.0
2025-10-05,33.0
2025-10-06,33.0
2025-10-07,39.0
2025-10-08,39.0
2025-10-09,32.0
2025-10-10,44.0
2025-10-11,98.0
2025-10-12,87.0
2025-10-13,79.0
2025-10-14,65.0
2025-10-15,50.0
2025-10-16,35.0
2025-10-17,51.0
2025-10-18,79.0
2025-10-19,51.0
2025-10-20,23.0
2025-10-21,24.0
2025-10-22,24.0
2025-10-23,24.0
2025-10-24,23.0
2025-10-25,24.0
2025-10-26,25.0
2025-10-27,26.0
2025-10-28,32.0
2025-10-29,41.0
2025-10-30,36.0
2025-10-31,41.0
